{"cameraMode":{"drawMode":0,"name":"Shaded","section":"Shading Mode"},"sceneLighting":false,"audioPlay":false,"sceneViewState":{"m_AlwaysRefresh":false,"showFog":false,"showSkybox":false,"showFlares":false,"showImageEffects":false,"showParticleSystems":false,"showVisualEffectGraphs":true,"m_FxEnabled":true},"in2DMode":false,"pivot":{"x":7.3687567710876469,"y":-6.453371047973633,"z":-10.183090209960938},"rotation":{"x":0.006149536930024624,"y":-0.9638760089874268,"z":0.26552435755729678,"w":0.022276749834418298},"size":10.920249938964844,"orthographic":false}